0,1
-1.8279715968756303,-0.3680942906514799
-0.7657391468612262,-0.48626738418472176
-0.9055065744947188,0.08541636694480725
-1.4366227995019527,1.007165393306336
-1.8279715968756303,0.9318784012567382
-1.6882041692421694,-0.4725933733874131
-1.4366227995019527,0.3600248897043271
-0.26257640738076093,-0.5291064967343885
-1.1850414297616723,0.2484899836515827
-0.4862042915943364,1.2276991586380392
-0.793692632387963,-0.9226986873033106
-1.2409484008150502,-0.22935241402484446
-1.6882041692421694,-0.7873396070085386
-1.1850414297616723,0.21402177382857784
-0.03894852316721729,-0.4729218773838909
-1.4645762850286257,-0.7008227584952442
-1.9956925100358278,-2.089784159392947
-1.212994915288409,0.22174339640277496
-1.0732274876549164,-0.5965090391541653
-1.1570879442349993,0.13020341161312485
-1.2689018863417234,1.3297303918072314
0.40830724525993367,-1.0892585127441667
-1.1850414297616723,0.5397398799931096
-1.5484367416087403,-0.4536833350120249
-1.3527623429218698,0.9378499824584763
-1.604343712662182,-0.06626044533061548
-1.5204832560820674,1.5479482882091067
-2.2472738797760763,-0.6207979945390548
-1.2968553718684601,-0.1184997863009941
-1.604343712662182,-0.807345922371651
-1.772064625822284,-0.6994724213289023
-1.0452740021282434,-0.6937516967412725
-1.212994915288409,-0.2986191217412027
0.18467936104639,-0.662654315366892
-0.45825080606766333,-0.07229292519141055
-1.2968553718684601,-0.6263242291768636
-2.2472738797760763,0.06969218275767523
-0.5980182337010606,0.3360084092977175
-1.2409484008150502,1.8820133843023894
-0.9614135455481286,0.4491708768119393
-0.9334600600213919,-0.21355762341385237
-0.9614135455481286,-0.10665452872092078
-0.7657391468612262,0.9269139656229233
-0.6539252047545021,-0.4540291998907191
-1.5204832560820674,-0.21482952304360226
-0.8216461179146678,-0.26921874780432686
-1.2409484008150502,0.3692374040001588
-0.7098321758078483,-0.6350213248741708
-0.4023438350142218,0.5156201901430381
-0.5980182337010606,0.9587792158416938
-0.5421112626477144,-0.6495862224240101
-1.1291344587082943,2.5139312124366664
-1.7441111402955474,0.5236290638851245
-1.5763902271354453,-0.24284080806138286
0.3803537597332606,1.363719394940854
-1.6602506837154964,0.27818605738421226
-0.9055065744947188,-0.12960547807959452
-0.793692632387963,-0.4488382379330194
-0.5141577771210731,1.6135893958985292
-0.6818786902811752,-0.6063254408216705
-1.4366227995019527,0.5262227619787256
-1.6882041692421694,0.5611637126707276
-1.7161576547689061,-0.3665022049951032
-2.387041307409569,0.006711765992095184
-1.0732274876549164,0.34957428762385545
-2.3031808508295177,-0.232865187428906
-2.1634134231959936,-2.4940770047789154
-0.6539252047545021,-0.10863497626488135
-1.3248088573951013,0.7277655648908732
-1.2689018863417234,0.024894467379503946
-0.010995037640512401,0.26717279219011736
-0.7098321758078483,1.2884955581341886
-0.8775530889680776,0.25788399630615394
-0.9893670310748335,1.314878712317328
-1.1850414297616723,0.2143011362673895
-0.31848337843417074,1.0271686495530477
-1.0173205166015067,-0.04404679697060285
-1.0452740021282434,0.8436287804549436
-0.5700647481743875,0.7007560088996552
-1.1850414297616723,-0.18143992234777442
-1.800018111348957,-0.34499656372021226
-0.4862042915943364,-1.1291879083811296
0.07286541893953866,-1.0074952042338399
-1.2968553718684601,1.2273548332672006
0.1567258755196533,1.3478538663394255
-1.1570879442349993,-0.3367606872364049
-0.8775530889680776,2.151973795216854
-1.911832053455745,0.3611499368790785
0.24058633209970434,-0.4578733936177372
0.1567258755196533,-0.3382362536126316
-1.604343712662182,-0.4740674448079239
-1.1291344587082943,-0.21621968485985107
-1.1291344587082943,1.7889030305507894
-2.0515994810892377,0.3561930222744365
-1.4366227995019527,-1.1542309958842034
0.24058633209970434,0.9576247179637905
-1.1011809731815894,0.4454197222076055
-1.1011809731815894,1.1720935016747198
-1.212994915288409,1.5072663302848963
-1.6882041692421694,-0.4987511862403316
-1.1850414297616723,-7.06208443959713e-05
-1.0173205166015067,1.3924464957701361
-1.800018111348957,0.3931872525619541
-1.1850414297616723,0.9721925692134881
-0.9893670310748335,-0.9747922000957189
-0.8495996034413409,2.3943237951483187
-2.1634134231959936,-0.34053463429624137
0.21263284657306306,-1.4140893687804539
-0.5421112626477144,1.1181144010973718
-0.793692632387963,-1.4129952068421066
-0.793692632387963,0.039100401307508074
-1.4925297705553306,-0.9997125168638252
-0.8775530889680776,0.11912045150360631
-1.911832053455745,-0.9477502223320603
-1.8559250824023352,0.4924228854761742
-1.4645762850286257,0.12868001540258303
-1.380715828448543,0.5152821260577977
-0.12280897974730014,-0.6757050722654556
-0.7098321758078483,0.907138825681509
-1.2409484008150502,-0.06786993255561558
-0.09485549422062706,2.336524412454686
-0.9893670310748335,0.5242325397985181
-1.3527623429218698,0.807563967165199
-0.6259717192277973,1.073774017493313
-0.7098321758078483,1.3786805031357972
-1.2689018863417234,-0.014550357386964705
-1.7441111402955474,-0.7744503472834021
-0.4302973205409585,0.16979324355352537
-0.7377856613345531,0.988069981063727
-0.6259717192277973,0.959915911867937
-0.03894852316721729,-0.010000498835083546
-0.5141577771210731,-0.5010864963595996
-1.6602506837154964,0.6264842209550278
-1.3248088573951013,0.4048214233075758
-0.6818786902811752,0.9705988393518237
-1.1011809731815894,-0.16000608225357657
-0.9055065744947188,0.31945225968242064
-1.2689018863417234,-0.35800309039157685
-1.1850414297616723,-0.46180603972843376
-1.212994915288409,-0.48760328752723936
-0.7377856613345531,-0.0910231339372218
-1.1011809731815894,-0.5751263713436294
-1.0732274876549164,0.013483465736868492
-0.6818786902811752,-0.0523458372951491
0.18467936104639,-0.7500679999985794
-0.4302973205409585,-0.6094075966195734
-2.862250561363393,0.547918979282897
-1.0173205166015067,0.31347780167649797
-1.7441111402955474,0.7046909585642128
-0.45825080606766333,0.6133830517073325
-1.0173205166015067,0.4483590405432107
-2.7783901047832784,0.4083895141567113
-0.4862042915943364,-1.3148623192703128
-0.5141577771210731,-0.3063666565336244
-0.8775530889680776,1.287372500506097
-0.5700647481743875,0.8511328191247534
-0.793692632387963,-0.14825804768070638
-0.9893670310748335,0.2356101450874451
-0.6539252047545021,1.2828630222100101
-1.2968553718684601,-1.186584552904078
-0.4862042915943364,-0.04362962905834105
0.3803537597332606,0.9951183402332656
-0.7657391468612262,0.6402235541966551
-1.1850414297616723,0.16323317578713029
-0.5141577771210731,0.9242278057636475
-1.800018111348957,-1.1234386450826104
0.5480746728933945,0.08371615876292683
0.016958447886192482,0.9620356515251121
-1.4366227995019527,1.2654323473524225
-0.6259717192277973,-0.6902198344753864
-0.6539252047545021,1.21665419154262
-1.604343712662182,-1.1153457083819054
-0.5700647481743875,1.1376504819709936
-2.023645995562501,0.10120179401354083
-1.772064625822284,-0.03499662200189934
-0.5141577771210731,-0.626709744484621
-0.9334600600213919,1.6695577575454854
-0.7657391468612262,0.07956544734680253
-1.1011809731815894,0.7940573674116707
-0.9055065744947188,-0.0605043601206251
-1.5484367416087403,0.8693518160164722
-0.23462292185405606,-0.9726479896177094
-1.5484367416087403,-1.1966112314057635
-1.4645762850286257,-0.3955343168847086
-0.31848337843417074,1.1846310717548767
-0.31848337843417074,0.23518637686052649
-1.7161576547689061,0.5205984943056586
-1.380715828448543,0.9232185309181694
-1.2689018863417234,0.27342348689773255
-1.2409484008150502,-0.11460107358340553
-1.604343712662182,0.9057778486772793
-0.31848337843417074,-0.6752934874875685
-1.2968553718684601,-0.47740333539104884
-0.5700647481743875,0.4771784133227623
-0.45825080606766333,0.8795991327777503
-1.6882041692421694,1.0181807902269082
-0.20666943632735119,0.44625741232501526
-1.380715828448543,0.17494579637137284
-0.8495996034413409,-0.9442169537265976
-0.6539252047545021,1.4678434068409185
-0.29052989290746584,-0.24481448976237555
-1.380715828448543,0.7875366150281531
-1.1011809731815894,0.7665656569308494
-1.2689018863417234,-0.2936054733597075
-1.1291344587082943,-0.27635974670883556
-0.8216461179146678,0.867330551901013
-0.6259717192277973,-0.6381489815751474
-1.4645762850286257,-0.5121921785687795
-1.9956925100358278,0.07958077495201463
-0.9614135455481286,-0.5621539001441201
-0.12280897974730014,-1.2542637109370713
-1.0173205166015067,-0.018101427609155514
-1.2968553718684601,-0.5461431230575629
-1.4645762850286257,-0.1762733829743726
-1.2409484008150502,0.18475541247342822
-1.7161576547689061,0.667699086072373
-1.5484367416087403,1.1956565557756325
-1.5763902271354453,0.3296666025150116
-1.4925297705553306,0.40417303656835146
-1.6322971981888232,0.13216160319875514
-1.4366227995019527,-0.4063679136797261
-1.3527623429218698,0.11720990923123009
-1.5484367416087403,0.1946471680435706
-0.7377856613345531,0.25048651006374056
-0.45825080606766333,0.02500959253810259
-1.604343712662182,0.3801867098001376
-0.9893670310748335,0.7672902081033439
-1.1850414297616723,-0.777186050295763
-1.911832053455745,0.34991991270068845
-2.1075064521426157,-1.3695544036513458
-1.2689018863417234,0.1470976336678211
-1.8559250824023352,0.013932200361652346
-1.1291344587082943,-1.0943439709544651
-1.1850414297616723,0.7950047187861239
-0.29052989290746584,0.703153032945599
0.1287723899929802,-0.4432779144262106
0.268539817626441,-0.8052876356501174
-0.5700647481743875,-0.09802449561219836
-1.6602506837154964,-0.12943349209754457
0.07286541893953866,0.622247016067034
-1.0173205166015067,0.4706361280682891
-0.5980182337010606,2.094308054990753
-0.9614135455481286,0.9176118128521387
-0.7657391468612262,0.7325603704046485
-0.5700647481743875,-0.02005797681271599
-2.1354599376693524,0.3037847741301134
-0.5980182337010606,-0.07991020381818485
-0.7098321758078483,-1.2468693288218817
-1.0452740021282434,-0.12727307409363486
-0.1507624652739414,-1.6994672287339105
-1.4925297705553306,-0.34607828834978516
-1.2968553718684601,0.390319357744268
-1.0452740021282434,0.8634799810906221
-1.1291344587082943,0.2124979305271403
-0.9334600600213919,-0.11529105507390255
-1.2968553718684601,1.0662896713857328
-1.0452740021282434,-1.071660435959082
-1.8279715968756303,1.0074919508514804
0.10081890446627534,-1.7054663444924305
-0.9334600600213919,1.2010909976940107
-1.7161576547689061,0.35276784576550707
-1.1011809731815894,0.4109262477193367
-1.8838785679290082,-0.09899939607709501
-0.7657391468612262,0.39134051207552617
-1.7161576547689061,1.2326198821767849
-1.2968553718684601,-1.648429248749499
-1.3527623429218698,-1.2101942707824058
-0.4302973205409585,1.840899876426254
-1.212994915288409,1.1390364834825397
-1.3527623429218698,0.5968940614457076
-0.3743903494875487,1.7729279877294482
0.268539817626441,1.0768198178517367
-0.7098321758078483,-0.014295798654954778
-1.800018111348957,-0.15638245152808058
0.1287723899929802,-0.23871458981708987
-1.4645762850286257,-0.2631947798445595
-1.2409484008150502,1.4188018347113427
-1.2409484008150502,-0.028109717209395518
-0.1507624652739414,0.06427831593789417
-1.0173205166015067,0.9727330356810981
0.10081890446627534,-0.6327098487987606
-0.6539252047545021,-1.4386522260575674
-2.4988552495163248,1.4273567416313981
0.6039816439467088,0.5189989647960002
-0.9614135455481286,-0.5929438996074314
-1.408669313975216,-0.1328998732911571
0.04491193341289736,0.5548883710543571
-2.359087821882832,0.9066346223140008
-1.9397855389824499,0.8875823276368864
-1.1570879442349993,0.6231439250373074
-0.5421112626477144,0.140007262153826
-0.20666943632735119,1.5758050116552564
-0.793692632387963,-0.37642174298811104
-1.3527623429218698,0.849522489024917
0.24058633209970434,1.978938580796239
-1.380715828448543,0.10565568642089797
-1.3248088573951013,0.4634751066599881
-1.9397855389824499,0.10582393100153989
-2.275227365302781,-0.84164638265813
-1.1291344587082943,-1.2664171690118358
-1.3248088573951013,1.707372135556981
-1.7441111402955474,0.22898891839764007
-1.2689018863417234,1.3471316624477385
-2.5268087350430615,0.06764892160402278
-0.5141577771210731,-0.06707197150430531
-0.9055065744947188,-0.322349000896517
-1.911832053455745,0.20566571659014676
-0.8775530889680776,1.2808711105872468
-0.31848337843417074,1.0062553613638254
0.04491193341289736,1.1410100670957801
-0.8775530889680776,-0.0556594119011232
-1.2689018863417234,0.08275110486833316
0.016958447886192482,0.010279676061098449
-0.9614135455481286,2.715200451841492
-0.7377856613345531,0.6050258080648893
-1.8838785679290082,0.3333607892877906
-1.6322971981888232,0.07657989374246883
-0.03894852316721729,-0.27199225525043375
-0.9614135455481286,0.9214452096218044
-2.219320394249403,0.8400878711680516
0.04491193341289736,1.1757397017077693
-0.6818786902811752,0.10034260011491279
-1.7161576547689061,-0.30016546346862116
-1.4366227995019527,-0.5221042180660563
-2.1634134231959936,-0.031620157807045635
-0.12280897974730014,-0.38931802737984766
-1.380715828448543,-1.4176235570085796
-0.8495996034413409,0.4840544733720845
-1.2409484008150502,0.6099495133051981
-0.5421112626477144,-1.4671032056996507
-1.1850414297616723,1.519592780563071
-1.1291344587082943,1.323691553427366
-0.8495996034413409,1.23730636510704
-0.9334600600213919,-0.3262788367014835
-1.0732274876549164,-0.018511269867451885
0.268539817626441,-0.9785950815473659
-1.604343712662182,0.5856763031683213
-2.1075064521426157,1.565071044353832
-0.9055065744947188,-0.08189236534377112
-2.0515994810892377,-1.2005288121420001
-1.911832053455745,0.302254856458818
-0.1787159508006145,1.4488245177776795
-1.4366227995019527,2.215075417264354
-0.4023438350142218,1.2873276157888527
-0.4302973205409585,0.6011303832049419
-1.212994915288409,0.3653640469384354
-1.2409484008150502,1.176291195013963
-0.9055065744947188,0.7850136141204728
-1.772064625822284,-0.6846338042583738
-0.8216461179146678,0.4771406908109967
-1.5763902271354453,0.4863714424907635
-1.0732274876549164,-0.5713924145606989
-0.7377856613345531,-0.1785335733265919
-0.23462292185405606,0.12307361006126814
-0.4862042915943364,0.6161366423465302
-1.4366227995019527,-0.7693915018877999
-0.5141577771210731,0.7518972228723209
0.6319351294734455,1.338355743114822
-0.6259717192277973,1.9444348373371392
-0.5141577771210731,-1.5136785084612556
-1.772064625822284,0.4609554122434302
-0.4023438350142218,-0.8590534138131373
-2.0515994810892377,0.6382913687746962
-0.6539252047545021,1.0715700443317584
-0.9334600600213919,0.3089649060061033
0.743749071580265,0.9283409592999736
0.24058633209970434,-1.056946275951077
-1.1570879442349993,-0.05485148857809909
-2.0795529666159425,-0.6130964175466804
-1.6602506837154964,-0.159450520577252
-1.0173205166015067,0.15612301947711815
-1.0173205166015067,-0.4050799374712336
-0.34643686396084383,0.7745995009810798
-1.1570879442349993,1.2169650175139917
-1.4645762850286257,0.30780096761142295
-0.5141577771210731,-0.6665740740742657
-0.6259717192277973,0.8601945190647811
-0.6818786902811752,-0.8026388292407209
-1.1850414297616723,-1.3985091007865074
-2.4988552495163248,-0.023821805776167115
-1.4925297705553306,-0.31020181325592583
-1.1570879442349993,0.30312257366697615
-1.380715828448543,-2.078177501672035
-0.34643686396084383,0.43599649951081293
-0.29052989290746584,-2.0826717713984237
-0.8495996034413409,-0.004450524398572283
-1.1570879442349993,1.1048918381974038
-1.5484367416087403,0.022786308474227003
-1.5484367416087403,1.4521263013056676
-1.1570879442349993,0.48603957056279606
-1.1011809731815894,-0.5356348917934306
-0.4862042915943364,-1.4886652169748686
-1.380715828448543,-0.2584642914179884
-1.4645762850286257,1.1755277625426621
0.18467936104639,0.9767646255571135
0.18467936104639,-0.39454367219607617
-0.793692632387963,0.8314711553139349
-1.772064625822284,0.7410526144407478
-0.793692632387963,0.09939756138037265
-0.5141577771210731,-0.6190604655102175
-0.9334600600213919,0.10888478450056954
-0.7377856613345531,-0.025870802707486845
-2.2472738797760763,-0.9114177043676704
-1.6882041692421694,0.11021385449258278
-0.4023438350142218,0.7192086614759811
-1.0173205166015067,0.8056000890199472
-2.4988552495163248,-0.39443298246434233
-0.010995037640512401,0.45348696872760663
-0.6818786902811752,0.8263817464237296
-0.8495996034413409,-0.5989426109914587
-1.4645762850286257,0.8363572778701245
-1.4366227995019527,0.04084683583434995
-1.911832053455745,-0.7922592331118355
-1.4925297705553306,0.46930138155659
-1.5484367416087403,0.06634743432623663
-0.9614135455481286,-1.0596520639236855
-1.772064625822284,0.8471410563845071
-0.9893670310748335,-0.14867674771563777
-1.2968553718684601,-0.06455221038672303
-0.4302973205409585,-0.14443510555335148
-0.5700647481743875,0.010343949011497475
0.016958447886192482,0.2218781015947147
-0.9055065744947188,-0.5912215039864627
-1.911832053455745,-0.04127268539092053
-2.359087821882832,-0.5662865094010303
-0.4023438350142218,-0.007780718987842837
-1.3248088573951013,0.17135399949250685
-1.3248088573951013,-0.309786845011218
-0.6259717192277973,-0.597980277725961
-0.6539252047545021,0.14697179367159607
-1.1850414297616723,0.24283858746089235
-2.5268087350430615,-0.10030763603173289
-2.442948278462947,-0.41385251912529564
-2.442948278462947,-0.83655633556382
-1.0452740021282434,0.7291220158692899
-1.5763902271354453,0.4036890661157128
-1.1291344587082943,0.5158806047236868
-0.5421112626477144,-0.45588243997381106
-1.408669313975216,0.26093334219221476
-1.1850414297616723,-0.914013789780667
-0.7098321758078483,0.9516596384004916
-1.0173205166015067,-0.4444814166425239
-2.6945296482032273,1.6211897626787781
-1.380715828448543,-0.9027149590697378
-1.8559250824023352,0.3314644839145688
-1.6322971981888232,-0.9658579228105778
-1.4366227995019527,1.0804291653579896
-1.3527623429218698,0.06770769086208131
-0.09485549422062706,0.2033668800226071
-2.1634134231959936,-0.2261232082506556
-1.800018111348957,0.9226097218560484
-1.408669313975216,0.4676699562224241
-0.4862042915943364,-0.3322959088097613
-1.6322971981888232,-0.30107841231769494
-0.29052989290746584,2.014790054725853
-1.1570879442349993,-1.2251409460644116
-2.1075064521426157,1.0898520925370003
-1.1850414297616723,0.5889944891465868
-2.219320394249403,1.8781222893501677
-0.03894852316721729,0.4251361366509242
-2.4988552495163248,1.1040125255885702
-0.34643686396084383,0.6655268390290373
-0.5980182337010606,-1.6634897849202295
-1.6322971981888232,-0.3269494384699169
-0.9055065744947188,-0.665886504887395
-1.3248088573951013,-0.3523441864042966
-1.772064625822284,0.84892383199484
-2.331134336356159,0.39500827491171653
-1.3248088573951013,1.22483862520152
0.07286541893953866,-0.156426904081205
-1.2689018863417234,1.031616061757832
-1.800018111348957,-0.4102296031506049
-1.408669313975216,0.6889863980425011
-1.1850414297616723,-0.20796621766307546
-0.31848337843417074,-1.0903052422197743
-0.6259717192277973,-0.5682831823053255
-0.7098321758078483,-1.1211169912252268
-0.5141577771210731,1.3372885207747016
-1.1570879442349993,-0.40394859763248436
-1.1850414297616723,-1.501599113366238
-1.7161576547689061,0.27258100816809366
-1.3527623429218698,0.19923472850804144
-1.0452740021282434,0.33154067602205123
0.5480746728933945,0.3520294185782203
-0.4862042915943364,1.0139357054231544
-1.6602506837154964,0.7007611169394572
-1.9677390245091864,-0.23822901430676044
-3.029971474523527,1.5343019050952775
-1.0173205166015067,-0.05093155284411558
-0.4302973205409585,1.045077519267284
-0.06690200869389037,0.19702424499061824
-1.4645762850286257,0.8449183309893843
-1.0452740021282434,-0.5338150394719259
-0.9055065744947188,-0.5243483967040813
-1.2968553718684601,-1.1686306899071437
-0.4862042915943364,-1.8801498235452805
-1.2409484008150502,-0.05124846020160894
-1.5484367416087403,-0.7082195187857266
-2.806343590309951,-1.0810311646574158
-1.5763902271354453,1.113182225949384
1.1350978689539744,-0.14653859597112529
0.268539817626441,-0.5131525404099285
-0.09485549422062706,-0.5560826922547837
1.274865296587499,-1.2336496789176172
0.43626073078660677,-1.0631934018556313
0.10081890446627534,-0.604706190067932
0.18467936104639,-0.2265797959175657
1.2189583255340573,-0.19422133027322808
0.1287723899929802,-2.783919509820212
0.268539817626441,-1.0900729963126938
0.7996560426336748,0.11544283353827119
1.1071443834272696,-0.4354977210898673
-0.7657391468612262,-2.473160838068004
-0.010995037640512401,-2.3230435664505955
0.18467936104639,-0.3530947725928556
0.9673769557938405,-0.6697384407696211
-0.03894852316721729,-1.3767970632414868
0.3803537597332606,-2.9964322289091196
0.9394234702671674,-0.9248909708480161
0.6319351294734455,-2.7654646208890314
0.9953304413204818,-0.28151046065038476
0.6878421005268235,-1.2206121544406752
1.4984931808010424,0.04927879824743484
0.40830724525993367,-1.5543850708423126
0.9673769557938405,-0.8807063787919917
0.016958447886192482,-1.4291647547378783
1.2189583255340573,-1.0117092467499529
0.1287723899929802,-1.6282868695953612
1.1910048400073205,-0.21970295059188177
-0.31848337843417074,0.8351320603581298
-0.010995037640512401,-0.2922164230045506
1.5264466663277156,0.6853945402267614
-1.3248088573951013,-0.8859500013550561
-1.0173205166015067,-0.5850617272351399
-0.4862042915943364,-0.7443809894319389
1.302818782114172,-0.6461354960530507
0.43626073078660677,-1.5318166148792762
0.07286541893953866,0.24129016297924696
-0.20666943632735119,-1.3384778558057109
0.8835164992137576,0.1517228700047691
0.268539817626441,-1.400859019611098
0.268539817626441,-0.852449278116119
0.8835164992137576,-1.7119738595518688
0.4921677018399847,-0.19085185038267957
1.3307722676408131,-2.5611762606315547
-0.010995037640512401,-1.9156784354854932
0.6319351294734455,-1.7289187235318848
-0.26257640738076093,-1.750132029256125
0.9114699847404943,-0.7984639103793121
0.855563013687021,-1.178846140461337
0.3524002742065557,-0.8063259126897032
0.21263284657306306,-0.6982347066388498
0.5480746728933945,-1.9424244410771028
0.6039816439467088,-0.4965835277908069
0.2964933031531459,-0.17843786379669244
0.324446788679819,-0.7922463085853126
-0.26257640738076093,-1.0039773225793598
-0.010995037640512401,-0.5076921006140042
0.5760281584200676,-1.3284909211298441
-0.1787159508006145,-0.4963787360948587
0.21263284657306306,0.13498238310676658
1.0791908979005964,-0.7039366979431096
-0.5421112626477144,-0.8973686459950567
-0.010995037640512401,-2.6685879165621436
0.10081890446627534,-0.795541514462414
-0.45825080606766333,-0.8023096991428545
-0.20666943632735119,-1.9136864460219405
-0.06690200869389037,-2.579705546720513
-0.23462292185405606,-1.5207733086261008
1.302818782114172,-1.0500597319306724
-0.8216461179146678,-2.8017461740933736
0.7996560426336748,-2.6309380591264095
1.1350978689539744,-0.5051971395316623
-0.45825080606766333,-0.0785378638944324
0.6319351294734455,-1.975271526232752
0.6319351294734455,-0.2013623538362005
0.3524002742065557,-0.004222921803550729
-0.1787159508006145,-0.44141962631062215
0.4642142163133116,-0.3150634081023914
-0.5700647481743875,-1.6643394383401202
-0.7657391468612262,-0.0856150510733121
-0.3743903494875487,0.034097058242160874
-0.4302973205409585,0.2591697536423834
-0.29052989290746584,-2.3865533661253755
0.3803537597332606,-0.901993390759926
2.365051232128544,-0.7475675474865564
0.10081890446627534,-1.863217067187357
1.6941675794878177,-1.4298360697348753
0.1567258755196533,1.022368347032393
0.1287723899929802,-0.31098234535553426
0.5760281584200676,-0.0844171733686841
-1.0173205166015067,-0.002596574406388298
-0.31848337843417074,1.441670807302448
0.3524002742065557,-0.7243744695653449
0.4642142163133116,-1.5496662146600861
-0.3743903494875487,-1.2797405657686254
0.855563013687021,-0.48946480277882487
0.6039816439467088,-1.2591588793313322
0.10081890446627534,-1.4433729939152922
0.1567258755196533,-0.9010696323546677
-0.09485549422062706,-2.552712779752538
0.4642142163133116,-1.682104519125041
0.5480746728933945,-0.08692071435271284
0.10081890446627534,0.634136855252123
0.3803537597332606,-1.2697038460556465
1.274865296587499,-1.8877472260644235
0.07286541893953866,-0.9946230772175795
0.5760281584200676,-1.6513226856731877
1.1630513544806476,-2.2561501544178704
0.9673769557938405,-0.6046176156634513
-0.09485549422062706,-0.8010487119279035
0.5201211873667214,-1.8120359380427264
-0.06690200869389037,-0.8300025193713372
0.3524002742065557,-1.3508988439105083
-0.1787159508006145,-2.007452951234217
-0.29052989290746584,-1.2332350645631398
-0.4023438350142218,0.3782930425738783
-0.23462292185405606,-1.4611919209675377
-0.3743903494875487,-1.5182481533197925
0.10081890446627534,-1.856385978753614
0.1287723899929802,-3.1084660469307686
-1.2689018863417234,-0.16877858116044753
1.7500745505412274,-0.6062634453529222
0.5201211873667214,0.275003994624968
0.324446788679819,1.0218494119701917
-0.4862042915943364,-0.2363228090382748
-0.26257640738076093,-1.7382240018374298
0.04491193341289736,-2.0224728485241643
0.1287723899929802,-0.9568760254973238
-0.793692632387963,-0.8619169550872208
2.3091442610751662,-2.343491840496745
0.07286541893953866,-0.5421973414104301
0.3524002742065557,0.4939732492911026
0.7157955860535602,0.0852146245161151
-0.6818786902811752,-1.8118004431882047
-0.03894852316721729,-2.0675669489833335
-0.06690200869389037,-2.2330980968723226
0.4921677018399847,-1.0846737570593237
0.016958447886192482,-1.1380067622023828
0.9953304413204818,-0.32907427456765365
0.9394234702671674,-0.5792032018439629
0.10081890446627534,-0.9091767545720373
0.7996560426336748,-0.37249670557776987
0.24058633209970434,-1.2357977245319882
0.10081890446627534,-2.4953085693379866
-0.03894852316721729,0.11064295321610265
1.4146327242209278,-2.065567985273212
0.24058633209970434,-1.3279753035869364
0.4642142163133116,-1.1189901062602379
-0.20666943632735119,-1.9731836687170052
1.0791908979005964,-1.2561952718920057
0.8835164992137576,-1.5187828609610734
-0.6539252047545021,-0.41371364874193595
0.4642142163133116,-2.256767570571026
0.3803537597332606,-1.4281082526207
-0.26257640738076093,-2.499282157091912
0.3803537597332606,-0.3872066929524387
-0.12280897974730014,-1.7121289958657806
-0.09485549422062706,-1.7291887862628283
1.0512374123738917,0.3928381074848242
1.1350978689539744,-1.011324997981857
0.43626073078660677,-0.8272418227967305
1.6662140939611765,-1.1393411083097673
0.4921677018399847,-0.351309177076859
-0.6539252047545021,-1.320670700120097
-0.8775530889680776,-2.320889559601891
0.2964933031531459,0.39805267110488535
-0.26257640738076093,-1.2775780171230136
-1.0452740021282434,-0.4573398246082671
0.1287723899929802,-1.1796636611035687
0.7996560426336748,0.828917522723177
0.016958447886192482,0.1031259133650145
0.3524002742065557,-0.09482586454321089
0.016958447886192482,-1.3028082852417422
-0.5700647481743875,0.15768133768031733
0.6039816439467088,-0.924202437124076
-0.34643686396084383,-0.06842395877259681
0.6319351294734455,-1.1601318486494139
-0.31848337843417074,-1.7785980584910663
0.9394234702671674,0.4977571728253007
0.016958447886192482,-1.4048653239415756
-0.20666943632735119,-0.8582044675008336
-1.0173205166015067,-1.0177591604564564
0.43626073078660677,-2.314382056680066
0.07286541893953866,0.2776287808736721
0.6878421005268235,-2.5934039671135714
0.5201211873667214,-0.8236654754462827
-0.3743903494875487,-0.9534538968204582
1.6382606084345033,-1.2764003385416933
0.7717025571069381,-2.3934477111534247
-0.45825080606766333,-1.1138619104541398
0.04491193341289736,-0.07312845089258228
-0.7098321758078483,-1.19225155560447
1.5544001518543886,-1.139670299409777
0.10081890446627534,0.022126864881127827
0.9673769557938405,1.4898422337094286
1.1071443834272696,-1.9680249624444088
-0.5141577771210731,-1.006946250700723
-0.09485549422062706,-1.4751042444791014
0.3524002742065557,-2.12502636716808
1.1071443834272696,-0.5477696091308831
-0.03894852316721729,-1.007197316545615
0.3803537597332606,-0.8606538699458586
1.4984931808010424,-1.280941838974862
1.4146327242209278,-0.9697288932525073
-1.3527623429218698,-0.2948348945507512
-0.4302973205409585,0.06234803453486876
-0.29052989290746584,-0.7429001385763924
-0.34643686396084383,-1.8544549042600083
1.2189583255340573,-1.2788857942309129
1.274865296587499,0.498271866929465
0.9953304413204818,-1.976329913426906
0.1287723899929802,0.4133669693918522
0.5480746728933945,-1.9622665891702333
1.4705396952743377,-0.3109900907553307
1.6103071229078303,0.2808737597498372
0.07286541893953866,-1.051209130000387
1.386679238694223,-2.1266755611350336
0.7157955860535602,-1.07117161836596
0.1287723899929802,-2.675094990917724
0.9953304413204818,0.28348782359502706
0.43626073078660677,-0.11349202261649873
0.5201211873667214,-0.6320606990624049
-0.03894852316721729,-1.7704729695622508
1.0791908979005964,-1.1775447898393614
-0.3743903494875487,-0.14250986577733232
0.9394234702671674,-0.7267005888254797
0.7717025571069381,-0.5409112856850486
0.5760281584200676,-1.3135005830576179
-0.26257640738076093,0.22844977165807392
0.268539817626441,-2.0830619102858807
0.6039816439467088,0.11826701212319557
0.268539817626441,-1.2290563534409584
-0.09485549422062706,-0.5636977302523624
0.8276095281603479,-0.5057216181195457
-0.06690200869389037,-1.4853839724565026
0.9953304413204818,0.26395628882219474
0.7157955860535602,-0.8031264628897222
-0.5141577771210731,-1.9052715584931115
0.4642142163133116,-1.184243267674934
0.1567258755196533,-1.9097339389022165
0.6039816439467088,-0.9507102322449752
0.1287723899929802,0.4142772636507736
-0.6259717192277973,-0.5995401285987776
-0.4023438350142218,-0.679908144382717
0.268539817626441,-0.029084855210556402
0.9394234702671674,0.6647540878512684
-0.20666943632735119,-0.6190004451549511
-0.6259717192277973,-0.9485203824260465
-0.9055065744947188,-2.9739575956311985
-0.3743903494875487,-0.5860783040464485
-0.06690200869389037,0.07524417021248388
1.1910048400073205,-0.052129043984528396
1.4705396952743377,-1.6182952661957037
1.274865296587499,-0.7793754699288735
0.6878421005268235,-0.9616113063421509
-0.8495996034413409,-2.372906051752087
-0.4023438350142218,-1.2888089065065131
-0.1507624652739414,-2.5461310453118546
0.855563013687021,-0.8024652192143882
1.274865296587499,-1.1896354715792488
-0.5421112626477144,0.4568594903213544
0.3803537597332606,-1.571711027675342
-0.06690200869389037,-0.5359887264217331
0.10081890446627534,-1.3302548770400269
-0.45825080606766333,-0.5786966632695228
-0.7657391468612262,-1.6780698005192585
0.7157955860535602,-1.5038834872114824
-0.06690200869389037,-1.910250140711963
0.3524002742065557,0.3515557165027707
-0.7098321758078483,-1.705600048743757
0.4642142163133116,-0.5867279594218149
0.4921677018399847,-1.396724743819049
0.40830724525993367,-0.6124145357618441
0.8276095281603479,-0.9274886339966689
1.1630513544806476,-0.8786911029278923
0.5201211873667214,-1.2521336471122557
-0.03894852316721729,-0.6940211520570069
0.43626073078660677,-1.0524979541230866
1.5823536373810936,0.4077479804783066
0.7157955860535602,1.5098331556524889
0.6039816439467088,-0.3220936430885777
0.5480746728933945,-1.266465158702467
-0.4862042915943364,-0.6835618286089996
-1.5484367416087403,-0.4725899808179897
0.7996560426336748,-2.5695894831137696
0.016958447886192482,-2.1326204394669936
0.24058633209970434,-2.244426376984269
0.9953304413204818,0.11160554445827703
0.1567258755196533,-2.3616092559350945
0.016958447886192482,-1.605677528247739
-0.31848337843417074,-0.14996789174995842
0.24058633209970434,-1.2651471138985981
-0.06690200869389037,-0.7153319120833755
0.268539817626441,-1.0894675503033564
-0.010995037640512401,-0.818279799007579
-0.1507624652739414,-2.1337696811386078
1.023283926847155,-0.8638940806948234
-0.09485549422062706,-0.632108847165603
0.9394234702671674,-0.83186722612648
-0.09485549422062706,-0.5652016914156573
-0.4862042915943364,-1.7295839541726314
0.6319351294734455,-1.559683826296601
-0.06690200869389037,-1.5483552223947932
0.4642142163133116,-0.035188056946566
0.6598886150001504,0.7103674793794745
0.43626073078660677,-2.7506513813001976
0.21263284657306306,-0.22930146306390675
0.9394234702671674,-3.1649591294468697
-0.8216461179146678,-0.7745732203184684
0.8276095281603479,-2.559796173340251
-1.1850414297616723,-1.4925317025706735
-0.4862042915943364,-2.852163859191162
0.9953304413204818,0.4263119310784458
0.3524002742065557,0.724844619659952
0.324446788679819,-0.28354078845646724
0.8276095281603479,-2.7528642449284297
0.6319351294734455,-0.3238554538219174
0.9114699847404943,-1.7031823307462528
0.4921677018399847,-2.169079161786614
1.4705396952743377,1.4700600641884096
1.4705396952743377,-1.8055550701533265
1.1910048400073205,-0.2434008043458056
0.7717025571069381,-1.346872907569871
1.274865296587499,-0.27365941923599757
0.8835164992137576,0.8168769259029905
0.24058633209970434,-0.49783249394720114
-0.1507624652739414,-0.8341408979904872
0.4642142163133116,-0.13770507901609716
-0.09485549422062706,-1.7004000241929742
-0.03894852316721729,-1.1871267473289526
0.40830724525993367,-1.2543881821135907
0.3803537597332606,-1.5436480540380315
0.5760281584200676,-0.7546436697711265
0.6039816439467088,-2.175807050535169
0.04491193341289736,-1.0988021028265986
-0.03894852316721729,0.6785643883880182
0.24058633209970434,-0.5033870849731362
-0.8495996034413409,-0.8708771540616886
0.324446788679819,-0.40778806697692627
0.7157955860535602,-0.7355680404828818
0.9114699847404943,-0.05386375715167156
-1.3248088573951013,-1.6773894372970866
1.274865296587499,-0.37306691776685225
-0.4302973205409585,-0.7179878663786036
0.04491193341289736,-0.30652977258700564
0.4921677018399847,-0.5458792671549951
0.9394234702671674,-1.746595824398498
1.6103071229078303,-2.7825207502512908
-0.7657391468612262,-0.5962975388174577
0.4642142163133116,-0.816376832595996
-1.8838785679290082,-0.8729421726800904
0.2964933031531459,-1.5494941394307868
0.6319351294734455,-0.84441261987578
0.7157955860535602,-1.4243790378906114
-0.1507624652739414,-2.1732718769479797
-0.34643686396084383,-1.750409727052441
0.40830724525993367,-0.3345072716327852
1.2469118110607622,-3.3513916264908725
-0.1507624652739414,-3.3478452786881867
0.43626073078660677,-0.16558116805591194
0.6598886150001504,-0.871559532430296
-0.6259717192277973,-3.71090170622741
-0.03894852316721729,-1.137443732348989
0.743749071580265,-1.0621291339778987
0.6878421005268235,0.8588605440703371
1.8059815215946053,-2.036897480667379
-0.31848337843417074,-2.7069603154507877
0.6598886150001504,-1.322969126952496
-0.8495996034413409,-0.7208973586254301
0.6878421005268235,-1.028251627611241
-0.26257640738076093,0.7537554178141477
0.7157955860535602,-2.63901183899076
-0.23462292185405606,-0.24590908232282824
-0.31848337843417074,-1.9343839650693746
0.8835164992137576,-1.6624238877392297
0.07286541893953866,-2.562200878118097
0.4642142163133116,-1.1191495800099784
-0.4862042915943364,-2.226052082633762
-0.1507624652739414,-0.8787537893289302
0.6319351294734455,-0.35122605661780776
0.6598886150001504,-0.3855914675699393
-0.4862042915943364,0.05633284656517716
0.743749071580265,-0.4569211693038531
0.9394234702671674,-1.818749040962827
0.3803537597332606,-2.002791927883162
0.10081890446627534,-1.1387778543859517
0.1567258755196533,-2.2677790596342295
0.9953304413204818,-0.6803754133868606
1.1630513544806476,-1.012402993836779
-0.8495996034413409,-0.9115572506552851
0.5201211873667214,-0.3679975961968321
-0.4023438350142218,-2.45745035577747
1.274865296587499,-1.0186107795811086
0.24058633209970434,-2.091059424607333
0.1567258755196533,-1.5020023991443507
0.1287723899929802,-1.1358225768346872
0.8276095281603479,-0.8085592244562271
-0.1507624652739414,-0.49113405113491465
0.6598886150001504,-1.3793083062039724
1.7500745505412274,-2.8941150978633146
0.2964933031531459,-1.246604764178895
0.21263284657306306,-0.8212282554238992
-0.31848337843417074,-0.1442724176455979
0.04491193341289736,-1.306071645459469
-0.1507624652739414,-1.2174817223702048
-0.8495996034413409,-1.3715893236560168
0.04491193341289736,-0.8155579663745148
0.6598886150001504,-1.590668826080818
0.9114699847404943,-1.4586549087764673
0.10081890446627534,-1.809579982003502
0.10081890446627534,-1.6058022435571382
0.3524002742065557,-1.0527330987868289
2.1414233479150004,0.9734317411835802
0.3524002742065557,-0.8555099890650885
0.1567258755196533,-0.4364475835971525
-0.5980182337010606,-1.719579921051797
0.04491193341289736,-1.2109475420828948
0.5480746728933945,-0.4072908915966518
0.4642142163133116,-0.999619466033018
-0.9055065744947188,-1.987719505062329
-0.4302973205409585,-1.6475573203906901
0.5760281584200676,-1.4379320369044117
-0.03894852316721729,-0.23918851990794376
-1.3248088573951013,-1.2401704708721304
0.9673769557938405,-0.45636305236833236
0.324446788679819,-0.4023819245927172
1.274865296587499,-2.080143511987182
0.8835164992137576,-0.313009326625603
0.324446788679819,-1.3568424182007017
0.3524002742065557,0.9466314080788125
0.1287723899929802,-0.7928390233454632
-0.09485549422062706,-1.6068984277212712
0.1287723899929802,-2.661017956459242
0.40830724525993367,-1.6094935874665326
0.7717025571069381,-1.4819071274775681
1.0791908979005964,0.41189473300009516
0.1567258755196533,-1.4399853083786753
-0.20666943632735119,-1.5406841457116651
0.6039816439467088,-1.2828240680577918
-0.4023438350142218,-2.2505287929544036
0.5760281584200676,-1.0149335099714853
-0.1787159508006145,-1.6879529974427026
0.4642142163133116,-1.413700938643968
-0.45825080606766333,-0.7863921023683104
0.4642142163133116,-0.6184744865530059
0.2964933031531459,-1.950622491125845
0.21263284657306306,-2.2084694904097306
-0.5141577771210731,-0.7081263924166141
0.3803537597332606,-0.12528531329897868
0.6319351294734455,-1.5984597556435198
0.43626073078660677,-0.4610020623177118
0.1287723899929802,-0.4312802071863812
0.7996560426336748,-0.6169711454480167
-0.6259717192277973,-0.7363185104632617
0.9394234702671674,-0.8426511706372063
0.04491193341289736,-1.8625505693311522
0.04491193341289736,0.013280751877001435
-0.34643686396084383,-2.1293062527434223
-0.23462292185405606,-0.19877105617761387
0.1567258755196533,-2.1202414121335833
0.2964933031531459,-1.7370047826727566
-0.1507624652739414,-0.8330431628608194
0.1567258755196533,-1.5248431976368682
0.07286541893953866,-2.2206703700371375
1.5264466663277156,-2.1645291699007356
0.743749071580265,-1.3982480243938546
1.023283926847155,-1.1462928355539732
0.2964933031531459,-1.608761284918999
1.4705396952743377,-1.1303194449950642
-0.4302973205409585,-1.4589337904492397
0.9114699847404943,-1.2484666320767148
0.743749071580265,-1.6095215028207026
1.2189583255340573,-1.0611965397904932
-0.010995037640512401,-0.7807869947706931
-0.09485549422062706,-0.6830640261384853
1.274865296587499,-1.5438662109227723
0.9394234702671674,-0.009827121536455945
0.7996560426336748,-0.46330345441996396
1.023283926847155,-1.2888727965705615
0.3524002742065557,-2.9901780878861337
0.18467936104639,0.10016852106561369
-0.6818786902811752,-0.36166759573104484
0.9114699847404943,-0.5940143681439147
-0.23462292185405606,-2.0069383054817926
0.3524002742065557,-1.2882217221051715
0.1287723899929802,-0.6564715700460518
-0.20666943632735119,-1.1181856401888988
-0.8216461179146678,-1.967626968426902
1.6662140939611765,-1.6183249368363393
0.6878421005268235,-0.4833521695087892
0.5760281584200676,-0.39736761948771276
0.8835164992137576,-1.631350702907801
-0.4862042915943364,-1.8436830429140194
-0.03894852316721729,-1.1801178048910947
0.9673769557938405,-0.40469968220102315
1.2189583255340573,0.6064202239677174
1.7221210650144907,-1.4142418423344365
0.04491193341289736,-0.30279622051121924
0.6878421005268235,-1.0033767182017992
0.8835164992137576,0.6963597388747834
1.6662140939611765,0.30358465147449687
0.6039816439467088,-0.14488866726524594
0.9673769557938405,0.2673885474125566
0.8276095281603479,-0.091623249081564
1.386679238694223,0.4795111326511774
1.1350978689539744,1.7566194342731878
0.4921677018399847,0.9341813090978238
1.2469118110607622,0.12122411128265699
0.016958447886192482,0.5306371754654503
1.8339350071213103,0.6771682524201085
0.2964933031531459,0.005962521048087171
1.4425862097476645,0.3508606393577822
0.4921677018399847,0.03919365534311268
0.855563013687021,1.0850410757645963
-0.1787159508006145,0.0064125537159778825
0.6878421005268235,1.2747202733130947
-0.4302973205409585,1.2093685982797044
0.07286541893953866,2.7176774889829853
0.6319351294734455,-0.29569931879060585
1.2189583255340573,-0.4332534088134883
-0.4023438350142218,0.5164738642895135
0.743749071580265,1.3026218018770466
0.8835164992137576,-0.20546607805860076
0.18467936104639,1.6918333466386026
0.07286541893953866,0.5251692452667345
-0.20666943632735119,2.1608030251265404
1.8339350071213103,0.6661410092825273
0.4921677018399847,1.7297685870090551
0.9673769557938405,0.704208949030666
0.7157955860535602,0.2762197531450102
0.9953304413204818,-0.6635256553962822
0.40830724525993367,0.8438555921694136
0.40830724525993367,1.6451071073839556
0.1287723899929802,0.36166458536993923
0.9953304413204818,1.537555398465067
1.7500745505412274,-1.0175162991844606
0.5760281584200676,1.424200707567436
0.21263284657306306,3.0050790664322666
1.274865296587499,2.0846098149611523
0.6039816439467088,0.607055284033932
-0.6818786902811752,1.3721371150794697
0.855563013687021,2.2979527407302514
-0.9055065744947188,0.6965965054501454
-0.4862042915943364,-0.10406815175523242
1.6382606084345033,0.9274992125172811
1.1630513544806476,1.7602777550990765
0.4921677018399847,1.4880402437064881
1.6382606084345033,1.21378915951249
1.1630513544806476,-1.6626666171600828
0.3524002742065557,-0.40911842139763516
1.0512374123738917,0.6714172357350384
0.3803537597332606,2.0091617154951837
0.04491193341289736,0.49683068845137407
0.5201211873667214,-0.7098674427358225
0.4921677018399847,0.6068613293902669
1.1910048400073205,0.10945832235813954
0.9114699847404943,0.30634015438211276
-0.1787159508006145,1.0979216902082956
-0.010995037640512401,0.7200712135113598
1.5823536373810936,0.9665491934521603
2.2811907755484295,1.671189348543326
-0.6818786902811752,-0.1608082442399004
1.023283926847155,0.4169937783333177
1.7221210650144907,0.7174006604004152
0.268539817626441,0.7932315761254135
0.43626073078660677,1.032764177577504
1.1071443834272696,-0.01349926113828799
0.5760281584200676,0.5470607201250975
0.8276095281603479,0.5840782004252881
0.324446788679819,2.04184622484584
1.0791908979005964,0.9400416757483006
0.07286541893953866,2.559560467074233
-0.29052989290746584,1.0064350765932637
0.855563013687021,0.7565346981914765
0.9394234702671674,-0.20314714306239906
0.6319351294734455,1.477512575329177
1.1350978689539744,-0.21932369676873595
0.9673769557938405,2.4052659181915343
0.324446788679819,0.49333627770133937
0.268539817626441,0.5871101757307575
1.3587257531675498,1.7105492500670825
0.5760281584200676,1.0038249900041776
0.6039816439467088,0.7578326467340676
0.9394234702671674,0.9972885243572074
-0.23462292185405606,1.4974968858061068
0.743749071580265,0.5859441010194573
0.268539817626441,2.449292541594817
0.3803537597332606,-0.225484538553535
0.855563013687021,0.7805679881797095
1.4984931808010424,1.6768352081603497
-0.03894852316721729,-0.20461889124209817
0.9114699847404943,1.651313677017547
-0.29052989290746584,0.8897332908381776
1.1910048400073205,0.4936796084114458
1.1071443834272696,0.5787818614945612
0.2964933031531459,0.415563878630204
0.9953304413204818,0.007581177879344723
1.023283926847155,-0.7276478723458882
0.5760281584200676,0.46958699105104357
1.302818782114172,0.13829867840587376
-0.03894852316721729,3.0837711102487217
1.1910048400073205,1.645772804415914
0.24058633209970434,-0.0821600919596074
-0.26257640738076093,2.2901409042587804
0.4921677018399847,2.024865291870523
1.2189583255340573,1.4235558246792699
0.40830724525993367,0.2621253385435418
0.6598886150001504,1.632563738085401
-0.09485549422062706,1.8967519443866925
1.9737024347548666,1.022619139388448
0.3803537597332606,-0.20574083123864528
0.04491193341289736,1.0267727291157156
1.2189583255340573,0.8614736506525602
0.4921677018399847,0.005144864840436681
0.5480746728933945,1.1953396169612998
0.07286541893953866,0.28143157013165815
0.5201211873667214,0.9222836974101829
0.6319351294734455,1.4570831321378732
1.8339350071213103,0.9707870371614413
1.1071443834272696,1.197038496483728
0.743749071580265,0.8493615928526344
0.5760281584200676,0.13160680461115423
0.2964933031531459,0.8972322168434447
1.2469118110607622,2.1417849214769986
1.4984931808010424,0.7699234897245795
-0.4302973205409585,0.6487226756018319
1.4146327242209278,0.48211887643774065
1.2469118110607622,0.08330896135631637
0.6319351294734455,1.6825253136621496
0.3803537597332606,-0.2772239419196437
1.5823536373810936,1.3700856713177059
-0.4023438350142218,0.2725630216142259
0.1287723899929802,1.32642545367767
0.6878421005268235,0.5733010093404032
1.274865296587499,1.9937545916690798
-0.1507624652739414,1.2825704732377454
1.1910048400073205,0.3309490941460764
0.3524002742065557,0.711438858950111
0.6598886150001504,-0.19395101552315505
0.9673769557938405,1.0446009646243877
1.2469118110607622,-0.05901153609433152
1.023283926847155,0.29301609245856286
-0.4302973205409585,0.8162709303522411
1.5264466663277156,-0.07152209227570178
0.18467936104639,1.4768912297343941
-0.5421112626477144,-0.3133906807268557
0.6319351294734455,1.0041295641565986
-0.26257640738076093,1.6441429898170503
0.24058633209970434,-0.13845658127097898
0.21263284657306306,-0.18003036313822796
0.743749071580265,1.2939776175157616
1.2469118110607622,1.61784437458871
-0.9334600600213919,0.041746865997924244
0.24058633209970434,1.129508073186873
0.6878421005268235,-0.7398032946431055
0.743749071580265,-0.00987374027059824
1.1071443834272696,0.992520561426586
0.324446788679819,0.12488404775421162
1.6941675794878177,1.5899934184266487
0.3524002742065557,2.391729062926837
0.5760281584200676,0.9530571903577222
1.1630513544806476,0.9399784006185495
1.1630513544806476,1.223734024187639
1.4425862097476645,2.480926185344325
1.4425862097476645,1.666938349521038
0.1287723899929802,1.6618928847085617
-0.1787159508006145,0.907891163798608
0.3803537597332606,-0.4300768862557008
0.3803537597332606,1.2789952832389524
0.016958447886192482,1.3317401897803853
-0.09485549422062706,-0.9308890599107992
1.3307722676408131,1.6354852337739916
0.743749071580265,2.025533608680721
1.7500745505412274,0.48235725408679636
1.4984931808010424,0.9715393799933237
1.386679238694223,0.5708942217197487
1.1350978689539744,0.6237709534818022
1.1910048400073205,1.4529797247078753
0.43626073078660677,0.5600577235115238
0.3524002742065557,1.296742940201673
0.9114699847404943,0.6081645304905807
0.43626073078660677,1.9708861952323644
0.6598886150001504,0.8122604870167887
1.2189583255340573,0.8829587687143443
1.5823536373810936,0.6295625130093375
0.5201211873667214,1.4353503339225904
-0.1507624652739414,0.8672088744016134
0.7157955860535602,1.6743384243726227
0.9114699847404943,-0.9310384389890628
0.743749071580265,2.46899409093595
-0.31848337843417074,0.5461999275908196
0.24058633209970434,2.2753447800300277
1.6382606084345033,2.377866821941919
0.1287723899929802,1.162827056689424
0.9394234702671674,1.3190234826320053
1.3587257531675498,0.022642688778360724
0.9394234702671674,0.8811776862913566
1.302818782114172,1.272673102909139
0.743749071580265,2.337536720799217
0.5760281584200676,0.7292875873821919
0.7717025571069381,0.9662581555709933
1.023283926847155,0.9797574624046165
1.302818782114172,1.4015448900221743
-0.4023438350142218,0.42574788873039593
2.365051232128544,-0.11919164695058829
1.94574894922813,0.10471759051373124
0.24058633209970434,0.17039594283303292
0.1567258755196533,-0.8772494823490646
1.0791908979005964,1.4640542766890192
0.5201211873667214,1.354745591973722
-0.8775530889680776,1.610914828781781
1.386679238694223,1.42810958391564
2.1414233479150004,-0.7430213446065972
-0.23462292185405606,0.7497564187762085
1.1350978689539744,0.6019878228188444
0.10081890446627534,2.221463130080078
0.40830724525993367,1.5525159643518696
1.7221210650144907,3.4701500766676006
1.4984931808010424,1.533146389808974
0.4642142163133116,1.463762026563991
0.3803537597332606,-0.3863416941822225
0.2964933031531459,-0.07418448173128614
1.5823536373810936,0.9979141435015224
0.7996560426336748,-1.0903258871498196
1.5264466663277156,0.7021403835629834
1.4146327242209278,1.604935596261268
0.5480746728933945,-0.36855948399951594
1.4984931808010424,1.4514437476642081
1.1630513544806476,3.581010363987811
0.6598886150001504,0.33390317869525155
1.3587257531675498,0.9695592048791313
0.3524002742065557,1.6021866374086626
-0.1507624652739414,1.8486611637776322
0.743749071580265,1.104527949989858
0.4921677018399847,0.620742367376791
1.2469118110607622,1.1215253084972507
1.1350978689539744,0.951596701859357
0.9114699847404943,0.5817062798200952
1.7500745505412274,0.9211324333763983
1.274865296587499,-0.5189108523505418
1.5823536373810936,1.9444874020479308
0.1287723899929802,0.7090188582433299
1.4705396952743377,1.5453564678408018
1.4425862097476645,0.7864855229780365
1.0791908979005964,2.3012682258348636
1.386679238694223,0.02613718275596171
0.268539817626441,-0.4088058960362269
0.43626073078660677,1.440873471479741
0.268539817626441,-0.7727912818932112
1.5264466663277156,1.0791167955487126
0.9394234702671674,-0.003131894546320069
-0.9893670310748335,0.612742598939701
0.7717025571069381,0.5712142461013339
1.8339350071213103,0.6645900783728501
0.6039816439467088,0.79979577335608
2.1973303189683784,0.9041657646506
2.1414233479150004,1.8342077324422204
0.268539817626441,-0.04056092053226337
-0.6818786902811752,1.6942507509304803
1.7500745505412274,0.8860704419172863
1.0512374123738917,2.55326414225921
1.8898419781747837,1.0229157211736568
0.324446788679819,2.3347419266830087
1.94574894922813,1.6461287332393957
-0.5700647481743875,0.1412318659691458
1.3587257531675498,2.2117828795669197
0.268539817626441,0.6716855343801792
1.4146327242209278,1.2923041222687375
0.18467936104639,1.3846967757586213
0.4921677018399847,1.3468204320743717
2.00165592028154,1.26848400485426
0.43626073078660677,2.235442173131478
1.5823536373810936,-0.9044647749993696
1.8339350071213103,1.7353403821811373
0.855563013687021,1.5398511092534064
0.7157955860535602,3.011031511431248
1.023283926847155,3.044655234747782
0.1287723899929802,0.8062945326233389
0.6878421005268235,0.5860425794453439
1.0512374123738917,1.4147076998110109
0.04491193341289736,0.65504160532762
1.6662140939611765,1.179655705532275
0.855563013687021,0.4203461731223711
0.7996560426336748,0.71987735357347
1.1630513544806476,1.080618562918367
0.743749071580265,1.8015019587952787
1.3307722676408131,1.037501991323294
0.9673769557938405,1.300947844169021
0.855563013687021,0.25456833745681257
0.9953304413204818,2.2444800018733893
0.18467936104639,0.469164621027061
0.8835164992137576,0.4176802942575868
0.10081890446627534,-0.6722602388373712
0.743749071580265,3.2137512704431317
1.1350978689539744,-0.05768940754342983
0.2964933031531459,0.7359741268330121
1.1630513544806476,2.000821296344906
0.4921677018399847,0.7774709225480327
1.5264466663277156,1.3310269199727003
0.6319351294734455,0.23031015000222016
-0.8216461179146678,1.8084618484247197
0.6878421005268235,0.5817503026219452
0.7996560426336748,1.0411037047758975
0.6598886150001504,0.6851340578204331
0.5760281584200676,2.8172313156225375
1.274865296587499,-0.12258964197191084
1.386679238694223,1.2080404437529069
0.268539817626441,1.6911851340176254
0.7717025571069381,-0.18861422924788274
0.6598886150001504,0.8341085294092989
0.5760281584200676,0.34135040891972995
0.8835164992137576,1.4714340161406727
0.8276095281603479,0.6489098597766969
0.3524002742065557,1.3102935779493958
1.5544001518543886,1.4208339321760421
2.1134698623882637,1.2408034029171289
0.5480746728933945,-0.341552501269795
1.2189583255340573,0.5703430781781188
0.5480746728933945,0.2470814620582059
1.94574894922813,-0.7712620619089857
1.2469118110607622,0.8873755633621959
1.386679238694223,3.205489107943407
-0.5700647481743875,1.2216095801405862
1.1630513544806476,2.631376510903517
1.0791908979005964,1.5737097778513573
0.9673769557938405,1.3072290338611354
1.2189583255340573,0.7111050062844526
0.268539817626441,0.49754324445967246
0.5760281584200676,0.05664148036684887
0.1287723899929802,-0.16428292126065927
0.7996560426336748,1.5599884209640889
0.6039816439467088,1.0181432613811208
0.268539817626441,1.7251233523117877
0.5480746728933945,1.4129916841989798
1.274865296587499,1.641721389628051
0.43626073078660677,1.124210060448507
1.1071443834272696,1.0858125673260373
0.743749071580265,0.7308739944902777
0.324446788679819,1.5778141353611779
1.0512374123738917,1.4614027737530102
1.386679238694223,1.2229337850092183
1.5823536373810936,-0.6616134106964289
0.7996560426336748,0.9709977936752838
0.268539817626441,1.6526059391368133
0.4921677018399847,0.125371389080878
1.0512374123738917,0.3077001725307231
1.9737024347548666,2.0416119736698164
0.9953304413204818,0.8983844525810682
0.855563013687021,1.1684676441842494
0.2964933031531459,2.581796654625883
0.5480746728933945,1.3539508835475238
0.9394234702671674,0.9256905777008234
0.24058633209970434,-0.3965910309834495
1.1071443834272696,2.124623358851764
0.4642142163133116,0.5146869676233861
0.855563013687021,-0.3411639498577108
0.21263284657306306,0.10281259397164316
0.9394234702671674,-0.3378580399619989
1.94574894922813,1.9386834230239407
0.743749071580265,0.23197042231650794
0.3803537597332606,1.9925051058033445
0.5480746728933945,0.899151115677271
0.855563013687021,-0.014471102921274832
0.9673769557938405,0.6129216355673317
0.43626073078660677,1.5493433450521343
1.6662140939611765,1.1037947988377594
0.6598886150001504,0.5937559176387875
-0.3743903494875487,1.0039118413303458
-0.03894852316721729,0.8419318096674827
1.94574894922813,1.6525204674626244
2.1973303189683784,0.30697701060533505
-0.5980182337010606,1.2953762575462562
0.43626073078660677,0.47671085527127977
-0.4862042915943364,0.5691087772569275
1.3307722676408131,0.6599115527606917
0.43626073078660677,0.3550582726783984
2.4489116887085953,1.5062428488105415
0.855563013687021,0.3926949434166689
0.7717025571069381,0.02530591753876033
1.0512374123738917,1.627437500260769
1.4425862097476645,0.7083590220090215
-0.5141577771210731,1.2809759825495208
1.023283926847155,1.0326583112021068
-1.408669313975216,1.0685442687548552
0.4921677018399847,2.689716172524777
-0.6818786902811752,1.001001012431083
0.43626073078660677,0.39987777641006444
0.7717025571069381,1.8961816583042683
1.1071443834272696,0.49429309696902785
0.6319351294734455,1.3884716995454163
0.6598886150001504,2.2022358008070224
0.5201211873667214,1.9543290634460033
0.6878421005268235,0.6006594568971713
1.4146327242209278,0.45492545045276306
0.6319351294734455,-1.1335492864866328
1.3307722676408131,1.3525091042226676
0.6039816439467088,1.976097644340642
0.324446788679819,1.6661979099878348
1.6382606084345033,0.5722226926110956
0.7996560426336748,0.05741820833353388
1.861888492648047,1.0604079925526575
0.9394234702671674,1.1800274773245012
0.268539817626441,1.0148163390034997
0.3524002742065557,1.574689983413237
1.1910048400073205,1.5915476944613927
0.855563013687021,-0.43475841014684896
0.6039816439467088,-0.37142879171763404
1.0512374123738917,-0.20182422554170637
0.1567258755196533,1.5565361945497462
0.9394234702671674,0.2738678089297705
-0.7098321758078483,0.3631259221431055
1.2469118110607622,0.6250145821475869
1.1630513544806476,0.25192298329304286
0.4642142163133116,2.0217220216626317
-0.4023438350142218,3.2167963148027816
0.9114699847404943,1.60225203368873
0.5480746728933945,2.897192870378685
1.1071443834272696,1.083028030315869
1.1630513544806476,1.8382508404313553
1.6941675794878177,1.0152046959615635
-0.6818786902811752,1.0121131842735471
0.1287723899929802,2.2929116720499705
0.1567258755196533,-0.07220126244456537
0.5760281584200676,0.672663005256032
1.302818782114172,1.558267462576953
0.9114699847404943,0.2551320417549361
1.386679238694223,1.2026602991236104
0.9953304413204818,2.5703269449260464
1.4425862097476645,1.2626742649257192
0.6039816439467088,-0.16321635370990525
1.2189583255340573,-0.3832234647597703
0.6039816439467088,0.8768991525106674
0.4642142163133116,0.8848289159442676
0.24058633209970434,1.079271727822193
-0.010995037640512401,0.4442789390648711
0.21263284657306306,0.3137001438464749
0.743749071580265,-0.5176876039109535
0.10081890446627534,-0.4236359343393371
0.3524002742065557,0.8648933188446197
1.1350978689539744,0.9283746558278074
0.8835164992137576,1.7004989195502278
0.8835164992137576,2.9305053213240315
0.6598886150001504,0.014412148254100095
1.1071443834272696,-1.143087054289557
0.8835164992137576,1.7856691506341813
1.2189583255340573,0.4957099211626076
1.1071443834272696,2.3269088911198645
0.3524002742065557,1.4928775889949266
0.9394234702671674,2.254170516148873
2.1134698623882637,1.914937241469067
0.9394234702671674,1.1558502692811643
0.6878421005268235,1.3096218303599152
0.9953304413204818,-0.3718231701643473
0.7996560426336748,1.7739882122088853
0.8835164992137576,-0.6649817045129579
1.6103071229078303,1.2280656614622958
0.268539817626441,1.0339365724717724
1.3307722676408131,-1.0466248469694166
1.3587257531675498,1.0170331382648174
0.07286541893953866,0.5689751064737025
0.4921677018399847,1.9466062259629302
0.5760281584200676,1.8176416561684048
1.2189583255340573,-0.10996166687487974
1.2469118110607622,1.0220755431678503
-0.09485549422062706,0.6774584492533722
1.3307722676408131,0.8157211395358361
1.3307722676408131,0.43484599064242174
0.016958447886192482,1.0218742132784628
0.9673769557938405,2.340158508120584
0.7157955860535602,1.1670040802815356
0.324446788679819,0.5157351141003367
0.18467936104639,0.3406992983261186
0.18467936104639,1.2479451510160848
0.9394234702671674,-0.3477078100198892
0.3803537597332606,0.4308063834442263
0.8835164992137576,-0.4325093490257495
1.274865296587499,-0.6648478459986416
1.1071443834272696,-0.1209202711526398
0.3803537597332606,1.4566598321420052
0.43626073078660677,1.0020679732002606
-0.010995037640512401,1.3001599630154177
0.7157955860535602,2.163876866403054
0.6598886150001504,1.0903093687510506
0.43626073078660677,-0.6374163874903633
0.40830724525993367,1.1178260939633593
0.743749071580265,0.5229806880466483
0.6319351294734455,1.1319010737141644
1.0512374123738917,1.1739098273055366
1.861888492648047,0.30030391672739315
0.8835164992137576,2.044038527942379
1.4425862097476645,1.8658550982377287
1.861888492648047,1.2412421863023138
0.9673769557938405,0.5427194246670416
-0.5700647481743875,0.6702194986169944
-0.4302973205409585,0.7562911850672648
1.274865296587499,3.0244131735088144
0.7157955860535602,0.1420459444035206
0.5480746728933945,3.46306607853015
1.1630513544806476,1.6616267553071633
